{
  "image_path": "examples/ImagemTeste3.jpg",
  "timestamp": "2025-11-26T10:02:04.846915",
  "features": {
    "area_foliar_pixels": 257,
    "perimetro": 60.72792184352875,
    "compacidade": 0.8757217744425209,
    "largura": 20,
    "altura": 15,
    "aspect_ratio": 0.75,
    "area_convexa": 237.5,
    "solidez": 1.0821052631578947,
    "centro_massa_x": 1880,
    "centro_massa_y": 4163,
    "hu_moment_1": 0.17567118338492882,
    "hu_moment_2": 0.0035180769313685233,
    "hu_moment_3": 0.00044005353741861773,
    "hu_moment_4": 9.935713492350824e-06,
    "hu_moment_5": 6.527299768437605e-10,
    "hu_moment_6": 5.837312881308987e-07,
    "hu_moment_7": 7.45969524132993e-11,
    "mean_R": 167.73151750972764,
    "std_R": 10.677893580469945,
    "mean_G": 156.0817120622568,
    "std_G": 10.868740033201169,
    "mean_B": 101.2295719844358,
    "std_B": 8.222455551912944,
    "excess_green_index": 43.202334630350194,
    "vari_index": -0.05261437270656906,
    "gradient_mean": 179.7810295420914,
    "gradient_std": 241.00805501912345,
    "laplacian_variance": 7437.300004542082
  }
}