{
  "image_path": "examples/ImagemTeste2.jpg",
  "timestamp": "2025-11-25T20:43:20.635084",
  "features": {
    "area_foliar_pixels": 2676794,
    "perimetro": 10068.81360077858,
    "compacidade": 0.3317937585066813,
    "largura": 2048,
    "altura": 1365,
    "aspect_ratio": 0.66650390625,
    "area_convexa": 2792108.0,
    "solidez": 0.9587000216324011,
    "centro_massa_x": 1054,
    "centro_massa_y": 690,
    "hu_moment_1": 0.1804692778714129,
    "hu_moment_2": 0.0043618126810120745,
    "hu_moment_3": 1.2234232472900893e-05,
    "hu_moment_4": 5.879633982394535e-07,
    "hu_moment_5": 1.1179749925009221e-12,
    "hu_moment_6": 1.7356455412408834e-08,
    "hu_moment_7": 1.1121402842828724e-12,
    "mean_R": 68.3166224221961,
    "std_R": 30.063758893133436,
    "mean_G": 115.11511943018402,
    "std_G": 33.79018430548892,
    "mean_B": 62.72795702620373,
    "std_B": 25.17124942636394,
    "excess_green_index": 99.1856594119682,
    "vari_index": 0.41513811463055156,
    "gradient_mean": 12.36609240212162,
    "gradient_std": 25.287471901884818,
    "laplacian_variance": 19.063501044749625
  }
}