{
  "image_path": "data\\input\\teste4.jpg",
  "timestamp": "2025-11-26T13:08:40.079006",
  "features": {
    "area_foliar_pixels": 67622,
    "perimetro": 1769.7442897558212,
    "compacidade": 0.2713168935700567,
    "largura": 380,
    "altura": 341,
    "aspect_ratio": 0.8973684210526316,
    "area_convexa": 89236.5,
    "solidez": 0.7577840905907336,
    "centro_massa_x": 163,
    "centro_massa_y": 219,
    "hu_moment_1": 0.21228988512291305,
    "hu_moment_2": 0.01040118087882862,
    "hu_moment_3": 0.001684262611034233,
    "hu_moment_4": 5.032718568860766e-05,
    "hu_moment_5": -8.241682829516685e-09,
    "hu_moment_6": 1.2821631466194347e-06,
    "hu_moment_7": -1.2114767614036815e-08,
    "mean_R": 83.94821212031587,
    "std_R": 38.15010860290409,
    "mean_G": 113.81514891603324,
    "std_G": 42.02194847575783,
    "mean_B": 43.140368519121,
    "std_B": 37.85118399091774,
    "excess_green_index": 100.54171719262962,
    "vari_index": 0.1924576352513634,
    "gradient_mean": 51.14628219806303,
    "gradient_std": 88.09891466378402,
    "laplacian_variance": 1074.6147201154906,
    "area_afetada_pixels": 21614,
    "porcentagem_area_saudavel": 75.77840905907335,
    "porcentagem_area_afetada": 24.221590940926646
  }
}