{
  "image_path": "data\\input\\teste5.jpg",
  "timestamp": "2025-11-26T13:08:40.205795",
  "features": {
    "area_foliar_pixels": 339431,
    "perimetro": 4077.6336780786514,
    "compacidade": 0.2565340116010817,
    "largura": 506,
    "altura": 704,
    "aspect_ratio": 1.391304347826087,
    "area_convexa": 354925.0,
    "solidez": 0.9563457068394732,
    "centro_massa_x": 246,
    "centro_massa_y": 341,
    "hu_moment_1": 0.18198369030733025,
    "hu_moment_2": 0.0033538521395324577,
    "hu_moment_3": 5.54830088196631e-06,
    "hu_moment_4": 7.481266421765789e-06,
    "hu_moment_5": 2.975446279444069e-11,
    "hu_moment_6": 3.160929941018369e-07,
    "hu_moment_7": 3.791919510673587e-11,
    "mean_R": 80.49339924756431,
    "std_R": 38.905181449857295,
    "mean_G": 112.67638194507867,
    "std_G": 38.78991781135569,
    "mean_B": 55.58172058533251,
    "std_B": 40.15661083310542,
    "excess_green_index": 89.27764405726053,
    "vari_index": 0.25642805272177155,
    "gradient_mean": 36.202056442730516,
    "gradient_std": 50.10909923138794,
    "laplacian_variance": 88.90225808449895,
    "area_afetada_pixels": 15494,
    "porcentagem_area_saudavel": 95.63457068394732,
    "porcentagem_area_afetada": 4.365429316052683
  }
}